[
  {
    "id": 1,
    "title": "Hanover Terrace",
    "image": "images/1.jpg",
    "postcode": "NW1 4RJ",
    "bedrooms": 6,
    "bacthrooms": 8,
    "city": "London",
    "country": "United Kingdom",
    "contact": "Lee Koffman"
  },
  {
    "id": 7,
    "title": "Courtenay Avenue, London",
    "image": "images/59.jpg",
    "postcode": "N6 4LP",
    "bedrooms": 7,
    "bacthrooms": 7,
    "city": "London",
    "country": "United Kingdom",
    "contact": "Guy Bradshaw"
  },
  {
    "id": 8,
    "title": "The Hertzfeld Palais",
    "image": "images/69.jpg",
    "postcode": "1010",
    "bedrooms": 4,
    "bacthrooms": 5,
    "city": "Vienna",
    "country": "Austria",
    "contact": "Martina Abiodum"
  },
  {
    "id": 5,
    "title": "Half Moon Street, Mayfair",
    "image": "images/40.jpg",
    "postcode": "W1J 7BD",
    "bedrooms": 5,
    "bacthrooms": 6,
    "city": "London",
    "country": "United Kingdom",
    "contact": "Guy Bradshaw"
  },
  {
    "id": 2,
    "title": "Victory House",
    "image": "images/9.jpg",
    "postcode": "W8 45RF",
    "bedrooms": 5,
    "bacthrooms": 6,
    "city": "London",
    "country": "United Kingdom",
    "contact": "Mary Roberton"
  },
  {
    "id": 3,
    "title": "Hamilton Terrace, St. Johns Wood",
    "image": "images/19.jpg",
    "postcode": "NW8 9UJ",
    "bedrooms": 4,
    "bacthrooms": 10,
    "city": "London",
    "country": "United Kingdom",
    "contact": "Lee Koffman"
  },
  {
    "id": 4,
    "title": "Huxley House, Bishops Avenue",
    "image": "images/29.jpg",
    "postcode": "N2 OBJ",
    "bedrooms": 8,
    "bacthrooms": 9,
    "city": "London",
    "country": "United Kingdom",
    "contact": "Lee Koffman"
  },
  {
    "id": 9,
    "title": "In the Heart of Grinzing",
    "image": "images/79.jpg",
    "postcode": "1190",
    "bedrooms": 4,
    "bacthrooms": 3,
    "city": "Vienna",
    "country": "Austria",
    "contact": "Martina Abiodum"
  },
  {
    "id": 6,
    "title": "101-103 Eaton Place",
    "image": "images/49.jpg",
    "postcode": "SW1X 8NJ",
    "bedrooms": 4,
    "bacthrooms": 5,
    "city": "London",
    "country": "United Kingdom",
    "contact": "Guy Bradshaw"
  },
  {
    "id": 10,
    "title": "Blomfield Road",
    "image": "images/89.jpg",
    "postcode": "W9 2PF",
    "bedrooms": 3,
    "bacthrooms": 2,
    "city": "London",
    "country": "United Kingdom",
    "contact": "Lee Koffman"
  }
]
