[
  {
    "staff_id": 1,
    "name": "Guy Bradshaw",
    "image": "images/staff/guybradshaw.jpg",
    "phone": "+44(0)2074959580",
    "office": "77-79 Ebury Street, London, England "
  },
  {
    "staff_id": 2,
    "name": "Lee Koffman",
    "image": "images/staff/leekoffman.jpg",
    "phone": "+44(0)2074959580",
    "office": "77-79 Ebury Street, London, England"
  },
  {
    "staff_id": 4,
    "name": "Mary Roberton",
    "image": "images/staff/maryroberton.jpg",
    "phone": "+44(0)2074959580",
    "office": "77-79 Ebury Street, London, England"
  },
  {
    "staff_id": 3,
    "name": "Martina Abiodum",
    "image": "images/staff/martinaabiodum.jpg",
    "phone": "+43(0)6766342527",
    "office": "Parkring 4, Vienna 1010 Austria"
  }
]
